img,",",label
120 (1).jpg,",",120
120 (2).jpg,",",120
120 (3).jpg,",",120
120 (4).jpg,",",120
120 (5).jpg,",",120
120 (6).jpg,",",120
120(7).jpg,",",120
120.jpg,",",120
130 (2).jpg,",",130
130 (3).jpg,",",130
130 (4).jpg,",",130
130 (5).jpg,",",130
130 (6).jpg,",",130
130 (7).jpg,",",130
130 (8).jpg,",",130
130 (9).jpg,",",130
130 (10).jpg,",",130
130 (11).jpg,",",130
130 (12).jpg,",",130
130 (13).jpg,",",130
130 (14).jpg,",",130
130 (15).jpg,",",130
130 (16).jpg,",",130
130 (17).jpg,",",130
130 (18).jpg,",",130
130(18).jpg,",",130
130(20).jpg,",",130
130(21).jpg,",",130
130(22).jpg,",",130
130(23).jpg,",",130
130(24).jpg,",",130
130(25).jpg,",",130
130(26).jpg,",",130
130(27).jpg,",",130
130(28).jpg,",",130
130(29).jpg,",",130
130(30).jpg,",",130
130(190).jpg,",",130
130.jpg,",",130
140 (2).jpg,",",140
140 (3).jpg,",",140
140 (4).jpg,",",140
140 (5).jpg,",",140
140 (6).jpg,",",140
140 (7).jpg,",",140
140 (8).jpg,",",140
140 (9).jpg,",",140
140 (10).jpg,",",140
140 (13).jpg,",",140
140(14).jpg,",",140
140(15).jpg,",",140
140(16).jpg,",",140
140(17).jpg,",",140
140(18).jpg,",",140
140(19).jpg,",",140
140(20).jpg,",",140
140(21).jpg,",",140
140(22).jpg,",",140
140(23).jpg,",",140
140(24).jpg,",",140
140(25).jpg,",",140
140(26).jpg,",",140
140(27).jpg,",",140
140.jpg,",",140
150 (2).jpg,",",150
150 (3).jpg,",",150
150 (4).jpg,",",150
150 (5).jpg,",",150
150 (6).jpg,",",150
150 (7).jpg,",",150
150 (8).jpg,",",150
150 (9).jpg,",",150
150 (10).jpg,",",150
150 (11).jpg,",",150
150 (12).jpg,",",150
150 (13).jpg,",",150
150 (14).jpg,",",150
150 (15).jpg,",",150
150 (16).jpg,",",150
150 (17).jpg,",",150
150 (18).jpg,",",150
150 (19).jpg,",",150
150(20).jpg,",",150
150(21).jpg,",",150
150(22).jpg,",",150
150(23).jpg,",",150
150(24).jpg,",",150
150(25).jpg,",",150
150(26).jpg,",",150
150(27).jpg,",",150
150(28).jpg,",",150
150(29).jpg,",",150
150(30).jpg,",",150
150(31.jpg,",",150
150(32).jpg,",",150
150.jpg,",",150
160 (2).jpg,",",160
160 (3).jpg,",",160
160 (4).jpg,",",160
160 (5).jpg,",",160
160 (6).jpg,",",160
160 (7).jpg,",",160
160 (8).jpg,",",160
160 (9).jpg,",",160
160 (10).jpg,",",160
160 (11).jpg,",",160
160 (12).jpg,",",160
160 (13).jpg,",",160
160 (14).jpg,",",160
160 (15).jpg,",",160
160 (16).jpg,",",160
160(17).jpg,",",160
160(18).jpg,",",160
160(19).jpg,",",160
160(20).jpg,",",160
160(21).jpg,",",160
160(22).jpg,",",160
160(23).jpg,",",160
160(24).jpg,",",160
160.jpg,",",160
170 (1).jpg,",",170
170 (2).jpg,",",170
170 (3).jpg,",",170
170 (4).jpg,",",170
170 (5).jpg,",",170
170 (6).jpg,",",170
170(7).jpg,",",170
170(8).jpg,",",170
170(9).jpg,",",170
170(10).jpg,",",170
170(11).jpg,",",170
170(12).jpg,",",170
170(13).jpg,",",170
170(14).jpg,",",170
170(15.jpg,",",170
170.jpg,",",170
180 (1).jpg,",",180
180 (2).jpg,",",180
180 (3).jpg,",",180
180 (4).jpg,",",180
180 (5).jpg,",",180
180 (6).jpg,",",180
180 (7).jpg,",",180
180 (8).jpg,",",180
180 (9).jpg,",",180
180(10).jpg,",",180
180(11).jpg,",",180
180(12).jpg,",",180
180(14).jpg,",",180
180(15).jpg,",",180
180(130).jpg,",",180
180.jpg,",",180
200 (2).jpg,",",200
200 (3).jpg,",",200
200 (4).jpg,",",200
200 (5).jpg,",",200
200 (6).jpg,",",200
200 (7).jpg,",",200
200 (8).jpg,",",200
200 (9).jpg,",",200
200 (10).jpg,",",200
200 (11).jpg,",",200
200 (12).jpg,",",200
200 (13).jpg,",",200
200 (14).jpg,",",200
200 (15).jpg,",",200
200(5).jpg,",",200
200(16).jpg,",",200
200(17).jpg,",",200
200(18).jpg,",",200
200(20).jpg,",",200
200(21).jpg,",",200
200.jpg,",",200
220 (1).jpg,",",220
220 (2).jpg,",",220
220 (3).jpg,",",220
220 (4).jpg,",",220
220.jpg,",",220
230 (1).jpg,",",230
230 (2).jpg,",",230
230 (3).jpg,",",230
230 (4).jpg,",",230
230 (5).jpg,",",230
230 (6).jpg,",",230
230.jpg,",",230
240(1).jpg,",",240
240.jpg,",",240
250 (1).jpg,",",250
250 (2).jpg,",",250
250.jpg,",",250
110 (2).jpg,",",110
110 (3).jpg,",",110
110 (4).jpg,",",110
110 (5).jpg,",",110
110 (6).jpg,",",110
110 (7).jpg,",",110
110(3).jpg,",",110
110(8).jpg,",",110
110(9).jpg,",",110
110.jpg,",",110
